PRAGMA foreign_keys=OFF;
BEGIN TRANSACTION;
CREATE TABLE IF NOT EXISTS "django_migrations" ("id" integer NOT NULL PRIMARY KEY AUTOINCREMENT, "app" varchar(255) NOT NULL, "name" varchar(255) NOT NULL, "applied" datetime NOT NULL);
INSERT INTO django_migrations VALUES(1,'contenttypes','0001_initial','2021-10-17 12:37:43.304222');
INSERT INTO django_migrations VALUES(2,'auth','0001_initial','2021-10-17 12:37:43.693225');
INSERT INTO django_migrations VALUES(3,'admin','0001_initial','2021-10-17 12:37:43.861224');
INSERT INTO django_migrations VALUES(4,'admin','0002_logentry_remove_auto_add','2021-10-17 12:37:43.983227');
INSERT INTO django_migrations VALUES(5,'admin','0003_logentry_add_action_flag_choices','2021-10-17 12:37:44.103226');
INSERT INTO django_migrations VALUES(6,'contenttypes','0002_remove_content_type_name','2021-10-17 12:37:44.340228');
INSERT INTO django_migrations VALUES(7,'auth','0002_alter_permission_name_max_length','2021-10-17 12:37:44.486230');
INSERT INTO django_migrations VALUES(8,'auth','0003_alter_user_email_max_length','2021-10-17 12:37:44.615214');
INSERT INTO django_migrations VALUES(9,'auth','0004_alter_user_username_opts','2021-10-17 12:37:44.756220');
INSERT INTO django_migrations VALUES(10,'auth','0005_alter_user_last_login_null','2021-10-17 12:37:44.875216');
INSERT INTO django_migrations VALUES(11,'auth','0006_require_contenttypes_0002','2021-10-17 12:37:44.971224');
INSERT INTO django_migrations VALUES(12,'auth','0007_alter_validators_add_error_messages','2021-10-17 12:37:45.086223');
INSERT INTO django_migrations VALUES(13,'auth','0008_alter_user_username_max_length','2021-10-17 12:37:45.206226');
INSERT INTO django_migrations VALUES(14,'auth','0009_alter_user_last_name_max_length','2021-10-17 12:37:45.341226');
INSERT INTO django_migrations VALUES(15,'auth','0010_alter_group_name_max_length','2021-10-17 12:37:45.507215');
INSERT INTO django_migrations VALUES(16,'auth','0011_update_proxy_permissions','2021-10-17 12:37:45.656214');
INSERT INTO django_migrations VALUES(17,'auth','0012_alter_user_first_name_max_length','2021-10-17 12:37:45.771218');
INSERT INTO django_migrations VALUES(18,'sessions','0001_initial','2021-10-17 12:37:45.960221');
INSERT INTO django_migrations VALUES(19,'home','0001_initial','2021-10-18 12:59:49.261158');
INSERT INTO django_migrations VALUES(20,'home','0002_profile_profile_img','2021-10-19 12:32:16.676550');
INSERT INTO django_migrations VALUES(21,'home','0003_remove_profile_profile_img','2021-10-19 12:56:42.758804');
INSERT INTO django_migrations VALUES(22,'home','0004_profile_last10stat','2021-10-19 15:16:14.651899');
INSERT INTO django_migrations VALUES(23,'home','0005_auto_20211020_0728','2021-10-20 00:28:36.788663');
INSERT INTO django_migrations VALUES(24,'home','0006_profile_total_problems','2021-10-20 00:29:36.256867');
INSERT INTO django_migrations VALUES(25,'home','0007_auto_20211020_0821','2021-10-20 01:21:46.489061');
INSERT INTO django_migrations VALUES(26,'home','0008_problem','2021-10-20 12:52:45.361949');
INSERT INTO django_migrations VALUES(27,'home','0009_delete_problem','2021-10-21 01:42:25.670639');
INSERT INTO django_migrations VALUES(28,'home','0010_problem','2021-10-21 01:42:25.995639');
INSERT INTO django_migrations VALUES(29,'home','0011_delete_problem','2021-10-21 01:42:26.078637');
INSERT INTO django_migrations VALUES(30,'home','0012_problem','2021-10-21 01:42:26.318637');
INSERT INTO django_migrations VALUES(31,'home','0013_auto_20211021_0839','2021-10-21 01:42:26.600644');
CREATE TABLE IF NOT EXISTS "auth_group_permissions" ("id" integer NOT NULL PRIMARY KEY AUTOINCREMENT, "group_id" integer NOT NULL REFERENCES "auth_group" ("id") DEFERRABLE INITIALLY DEFERRED, "permission_id" integer NOT NULL REFERENCES "auth_permission" ("id") DEFERRABLE INITIALLY DEFERRED);
CREATE TABLE IF NOT EXISTS "auth_user_groups" ("id" integer NOT NULL PRIMARY KEY AUTOINCREMENT, "user_id" integer NOT NULL REFERENCES "auth_user" ("id") DEFERRABLE INITIALLY DEFERRED, "group_id" integer NOT NULL REFERENCES "auth_group" ("id") DEFERRABLE INITIALLY DEFERRED);
CREATE TABLE IF NOT EXISTS "auth_user_user_permissions" ("id" integer NOT NULL PRIMARY KEY AUTOINCREMENT, "user_id" integer NOT NULL REFERENCES "auth_user" ("id") DEFERRABLE INITIALLY DEFERRED, "permission_id" integer NOT NULL REFERENCES "auth_permission" ("id") DEFERRABLE INITIALLY DEFERRED);
CREATE TABLE IF NOT EXISTS "django_admin_log" ("id" integer NOT NULL PRIMARY KEY AUTOINCREMENT, "action_time" datetime NOT NULL, "object_id" text NULL, "object_repr" varchar(200) NOT NULL, "change_message" text NOT NULL, "content_type_id" integer NULL REFERENCES "django_content_type" ("id") DEFERRABLE INITIALLY DEFERRED, "user_id" integer NOT NULL REFERENCES "auth_user" ("id") DEFERRABLE INITIALLY DEFERRED, "action_flag" smallint unsigned NOT NULL CHECK ("action_flag" >= 0));
INSERT INTO django_admin_log VALUES(1,'2021-10-18 14:28:39.919562','5','thawngs','',4,1,3);
INSERT INTO django_admin_log VALUES(2,'2021-10-18 14:30:41.760630','6','thawngs','',4,1,3);
INSERT INTO django_admin_log VALUES(3,'2021-10-18 15:52:41.793475','10','123','',4,1,3);
INSERT INTO django_admin_log VALUES(4,'2021-10-19 11:30:12.952836','2','iwannabetheguy','[{"changed": {"fields": ["Ratings"]}}]',7,1,2);
INSERT INTO django_admin_log VALUES(5,'2021-10-19 11:51:40.904254','2','iwannabetheguy','[{"changed": {"fields": ["Ratings"]}}]',7,1,2);
INSERT INTO django_admin_log VALUES(6,'2021-10-19 11:51:53.962693','2','iwannabetheguy','[{"changed": {"fields": ["Ratings"]}}]',7,1,2);
INSERT INTO django_admin_log VALUES(7,'2021-10-19 11:52:08.523227','2','iwannabetheguy','[{"changed": {"fields": ["Ratings"]}}]',7,1,2);
INSERT INTO django_admin_log VALUES(8,'2021-10-19 11:52:32.109861','2','iwannabetheguy','[{"changed": {"fields": ["Ratings"]}}]',7,1,2);
INSERT INTO django_admin_log VALUES(9,'2021-10-19 11:52:44.030864','2','iwannabetheguy','[{"changed": {"fields": ["Ratings"]}}]',7,1,2);
INSERT INTO django_admin_log VALUES(10,'2021-10-19 11:53:04.906449','2','iwannabetheguy','[{"changed": {"fields": ["Ratings"]}}]',7,1,2);
INSERT INTO django_admin_log VALUES(11,'2021-10-19 11:53:17.347620','2','iwannabetheguy','[{"changed": {"fields": ["Ratings"]}}]',7,1,2);
INSERT INTO django_admin_log VALUES(12,'2021-10-19 11:53:28.516831','2','iwannabetheguy','[{"changed": {"fields": ["Ratings"]}}]',7,1,2);
INSERT INTO django_admin_log VALUES(13,'2021-10-19 11:53:39.723656','2','iwannabetheguy','[{"changed": {"fields": ["Ratings"]}}]',7,1,2);
INSERT INTO django_admin_log VALUES(14,'2021-10-19 11:53:51.223782','2','iwannabetheguy','[{"changed": {"fields": ["Ratings"]}}]',7,1,2);
INSERT INTO django_admin_log VALUES(15,'2021-10-19 13:19:17.161644','2','iwannabetheguy','[{"changed": {"fields": ["Ratings"]}}]',7,1,2);
INSERT INTO django_admin_log VALUES(16,'2021-10-19 14:06:08.646106','4','bvquoc','[{"changed": {"fields": ["Ratings"]}}]',7,1,2);
INSERT INTO django_admin_log VALUES(17,'2021-10-20 01:35:32.043370','2','iwannabetheguy','[{"changed": {"fields": ["Ratings"]}}]',7,1,2);
INSERT INTO django_admin_log VALUES(18,'2021-10-20 01:38:05.148331','2','iwannabetheguy','[{"changed": {"fields": ["Ratings"]}}]',7,1,2);
INSERT INTO django_admin_log VALUES(19,'2021-10-20 01:39:08.541999','2','iwannabetheguy','[{"changed": {"fields": ["Ratings"]}}]',7,1,2);
INSERT INTO django_admin_log VALUES(20,'2021-10-20 01:42:00.391398','2','iwannabetheguy','[{"changed": {"fields": ["Ratings"]}}]',7,1,2);
INSERT INTO django_admin_log VALUES(21,'2021-10-20 01:45:55.164093','5','codey','[{"changed": {"fields": ["Ratings"]}}]',7,1,2);
CREATE TABLE IF NOT EXISTS "django_content_type" ("id" integer NOT NULL PRIMARY KEY AUTOINCREMENT, "app_label" varchar(100) NOT NULL, "model" varchar(100) NOT NULL);
INSERT INTO django_content_type VALUES(1,'admin','logentry');
INSERT INTO django_content_type VALUES(2,'auth','permission');
INSERT INTO django_content_type VALUES(3,'auth','group');
INSERT INTO django_content_type VALUES(4,'auth','user');
INSERT INTO django_content_type VALUES(5,'contenttypes','contenttype');
INSERT INTO django_content_type VALUES(6,'sessions','session');
INSERT INTO django_content_type VALUES(7,'home','profile');
INSERT INTO django_content_type VALUES(8,'home','problem');
CREATE TABLE IF NOT EXISTS "auth_permission" ("id" integer NOT NULL PRIMARY KEY AUTOINCREMENT, "content_type_id" integer NOT NULL REFERENCES "django_content_type" ("id") DEFERRABLE INITIALLY DEFERRED, "codename" varchar(100) NOT NULL, "name" varchar(255) NOT NULL);
INSERT INTO auth_permission VALUES(1,1,'add_logentry','Can add log entry');
INSERT INTO auth_permission VALUES(2,1,'change_logentry','Can change log entry');
INSERT INTO auth_permission VALUES(3,1,'delete_logentry','Can delete log entry');
INSERT INTO auth_permission VALUES(4,1,'view_logentry','Can view log entry');
INSERT INTO auth_permission VALUES(5,2,'add_permission','Can add permission');
INSERT INTO auth_permission VALUES(6,2,'change_permission','Can change permission');
INSERT INTO auth_permission VALUES(7,2,'delete_permission','Can delete permission');
INSERT INTO auth_permission VALUES(8,2,'view_permission','Can view permission');
INSERT INTO auth_permission VALUES(9,3,'add_group','Can add group');
INSERT INTO auth_permission VALUES(10,3,'change_group','Can change group');
INSERT INTO auth_permission VALUES(11,3,'delete_group','Can delete group');
INSERT INTO auth_permission VALUES(12,3,'view_group','Can view group');
INSERT INTO auth_permission VALUES(13,4,'add_user','Can add user');
INSERT INTO auth_permission VALUES(14,4,'change_user','Can change user');
INSERT INTO auth_permission VALUES(15,4,'delete_user','Can delete user');
INSERT INTO auth_permission VALUES(16,4,'view_user','Can view user');
INSERT INTO auth_permission VALUES(17,5,'add_contenttype','Can add content type');
INSERT INTO auth_permission VALUES(18,5,'change_contenttype','Can change content type');
INSERT INTO auth_permission VALUES(19,5,'delete_contenttype','Can delete content type');
INSERT INTO auth_permission VALUES(20,5,'view_contenttype','Can view content type');
INSERT INTO auth_permission VALUES(21,6,'add_session','Can add session');
INSERT INTO auth_permission VALUES(22,6,'change_session','Can change session');
INSERT INTO auth_permission VALUES(23,6,'delete_session','Can delete session');
INSERT INTO auth_permission VALUES(24,6,'view_session','Can view session');
INSERT INTO auth_permission VALUES(25,7,'add_profile','Can add profile');
INSERT INTO auth_permission VALUES(26,7,'change_profile','Can change profile');
INSERT INTO auth_permission VALUES(27,7,'delete_profile','Can delete profile');
INSERT INTO auth_permission VALUES(28,7,'view_profile','Can view profile');
INSERT INTO auth_permission VALUES(29,8,'add_problem','Can add problem');
INSERT INTO auth_permission VALUES(30,8,'change_problem','Can change problem');
INSERT INTO auth_permission VALUES(31,8,'delete_problem','Can delete problem');
INSERT INTO auth_permission VALUES(32,8,'view_problem','Can view problem');
CREATE TABLE IF NOT EXISTS "auth_group" ("id" integer NOT NULL PRIMARY KEY AUTOINCREMENT, "name" varchar(150) NOT NULL UNIQUE);
CREATE TABLE IF NOT EXISTS "auth_user" ("id" integer NOT NULL PRIMARY KEY AUTOINCREMENT, "password" varchar(128) NOT NULL, "last_login" datetime NULL, "is_superuser" bool NOT NULL, "username" varchar(150) NOT NULL UNIQUE, "last_name" varchar(150) NOT NULL, "email" varchar(254) NOT NULL, "is_staff" bool NOT NULL, "is_active" bool NOT NULL, "date_joined" datetime NOT NULL, "first_name" varchar(150) NOT NULL);
INSERT INTO auth_user VALUES(1,'pbkdf2_sha256$260000$fOq607OR2v6mGAL2BM1bbl$i/7F07aufdDF+9riGfgh2xOjElAoSOi0St3E3KDYEDM=','2021-10-19 13:13:34.514975',1,'iwannabetheguy','','',1,1,'2021-10-18 00:56:55.649259','');
INSERT INTO auth_user VALUES(7,'pbkdf2_sha256$260000$bI6UeFr58YUIXXARUgVcr2$dMn6fninRicuSYXdfrv1+ZiR9JF8OljxR72JZO7q6Go=','2021-10-19 12:42:09.222171',0,'thawngs','','',0,1,'2021-10-18 14:30:59.185618','');
INSERT INTO auth_user VALUES(8,'pbkdf2_sha256$260000$AsK88tkhpa3e4anFUYP6Iu$S+OYa4dIgqZB/97xTn2HkTdaeYO/sxMAqYcie6xeqCw=','2021-10-18 15:47:02.763185',0,'bvquoc','','quocpro_2003@gmail.com',0,1,'2021-10-18 15:46:47.869985','');
INSERT INTO auth_user VALUES(9,'pbkdf2_sha256$260000$Jc230Dm4DnmIZJo5HGsMow$Tzr09okdrIHTUSqHTvU8O6TcAdAYlAus8F9YNg3rQ9Q=','2021-10-18 15:47:01.836832',0,'codey','','123@gmail.com',0,1,'2021-10-18 15:46:48.115931','');
CREATE TABLE IF NOT EXISTS "django_session" ("session_key" varchar(40) NOT NULL PRIMARY KEY, "session_data" text NOT NULL, "expire_date" datetime NOT NULL);
INSERT INTO django_session VALUES('f8ne0n269n5fomkzv7tw0220r32qkssn','e30:1mcOcP:pz3e8lVJ7G-Ad89MUYpK7TUimoNnR25B8m1IENibkUc','2021-11-01 09:07:41.809075');
INSERT INTO django_session VALUES('91ub6jli6csl2h77whx1a7v51t50qfn2','.eJxVjEEOwiAQRe_C2hAGRMCl-56BTGdAqgaS0q6Md7dNutDtf-_9t4i4LiWuPc1xYnEVIE6_24j0THUH_MB6b5JaXeZplLsiD9rl0Di9bof7d1Cwl612KgU_MiGcyRBrB4hBsyVgZa3WYDXkbAASXJTLJmf2GwzaezAESXy-4y83iw:1mcUqB:mg74iyxuFpVrRtabamnRYEcInd5PhZ1IpNXEihqjcek','2021-11-01 15:46:19.885588');
INSERT INTO django_session VALUES('qtukp7rbvurmilt80u3579ncqdy2zx8j','.eJxVjMEOwiAQRP-FsyGULSv16N1vIAu7SNXQpLQn47_bJj3ocea9mbcKtC4lrE3mMLK6KK9Ov12k9JS6A35QvU86TXWZx6h3RR-06dvE8roe7t9BoVa2tSSPNieJrs8wAAGCZXLM4M05W5MH7AT7ZJixc9YbZ40lYSQDtAX1-QLu2jeQ:1mcUqs:KHmm7lz1pAZvdyJcMu4CX2kJNcHL844Onn5zbxfTmmA','2021-11-01 15:47:02.874845');
INSERT INTO django_session VALUES('dmvawqc13r5ep18o11puv0d1tlu05aef','.eJxVjMsOwiAQRf-FtSG8oS7d-w1kYAapGkhKuzL-uzbpQrf3nHNfLMK21rgNWuKM7MykYKffMUF-UNsJ3qHdOs-9rcuc-K7wgw5-7UjPy-H-HVQY9VsbKsFYQOGdsJmKdAEKWKWDJqUmNNKJ7KVR2WVISiRZACeNSZEPAgt7fwAFGjhR:1mcUrc:K323PekrWAk1LBk5sTJDTn569zcsXcX_pCtj2qoPH7M','2021-11-01 15:47:48.995261');
INSERT INTO django_session VALUES('dvps23r8o4otvlccd5grn59eyovjrxza','.eJxVjEEOwiAQRe_C2hAGRMCl-56BTGdAqgaS0q6Md7dNutDtf-_9t4i4LiWuPc1xYnEVIE6_24j0THUH_MB6b5JaXeZplLsiD9rl0Di9bof7d1Cwl612KgU_MiGcyRBrB4hBsyVgZa3WYDXkbAASXJTLJmf2GwzaezAESXy-4y83iw:1mcovu:wWV7T1M3pY2FltX5OlgSwrAvrDnbSCBjP4DzkgDPRZs','2021-11-02 13:13:34.612971');
CREATE TABLE IF NOT EXISTS "home_profile" ("id" integer NOT NULL PRIMARY KEY AUTOINCREMENT, "ratings" decimal NOT NULL, "user_id" integer NOT NULL REFERENCES "auth_user" ("id") DEFERRABLE INITIALLY DEFERRED, "last10stat" varchar(10) NOT NULL, "total_match" bigint NOT NULL, "total_raito" decimal NOT NULL, "total_win" bigint NOT NULL, "total_problems" integer NOT NULL, "color" varchar(10) NOT NULL, "level" varchar(15) NOT NULL);
INSERT INTO home_profile VALUES(2,3499,1,'----------',0,0,0,0,'brown','Level 11');
INSERT INTO home_profile VALUES(3,0,7,'----------',0,0,0,0,'grey','Level 1');
INSERT INTO home_profile VALUES(4,1197,8,'----------',0,0,0,0,'blue','Level 4');
INSERT INTO home_profile VALUES(5,2943,9,'----------',0,0,0,0,'red','Level 10');
CREATE TABLE IF NOT EXISTS "home_problem" ("problem_id" integer NOT NULL PRIMARY KEY AUTOINCREMENT, "author_id" integer NOT NULL REFERENCES "auth_user" ("id") DEFERRABLE INITIALLY DEFERRED, "description" text NOT NULL, "tag" varchar(6) NOT NULL, "title" varchar(100) NOT NULL);
DELETE FROM sqlite_sequence;
INSERT INTO sqlite_sequence VALUES('django_migrations',31);
INSERT INTO sqlite_sequence VALUES('django_admin_log',21);
INSERT INTO sqlite_sequence VALUES('django_content_type',8);
INSERT INTO sqlite_sequence VALUES('auth_permission',32);
INSERT INTO sqlite_sequence VALUES('auth_group',0);
INSERT INTO sqlite_sequence VALUES('auth_user',10);
INSERT INTO sqlite_sequence VALUES('home_profile',5);
INSERT INTO sqlite_sequence VALUES('home_problem',0);
CREATE UNIQUE INDEX "auth_group_permissions_group_id_permission_id_0cd325b0_uniq" ON "auth_group_permissions" ("group_id", "permission_id");
CREATE INDEX "auth_group_permissions_group_id_b120cbf9" ON "auth_group_permissions" ("group_id");
CREATE INDEX "auth_group_permissions_permission_id_84c5c92e" ON "auth_group_permissions" ("permission_id");
CREATE UNIQUE INDEX "auth_user_groups_user_id_group_id_94350c0c_uniq" ON "auth_user_groups" ("user_id", "group_id");
CREATE INDEX "auth_user_groups_user_id_6a12ed8b" ON "auth_user_groups" ("user_id");
CREATE INDEX "auth_user_groups_group_id_97559544" ON "auth_user_groups" ("group_id");
CREATE UNIQUE INDEX "auth_user_user_permissions_user_id_permission_id_14a6b632_uniq" ON "auth_user_user_permissions" ("user_id", "permission_id");
CREATE INDEX "auth_user_user_permissions_user_id_a95ead1b" ON "auth_user_user_permissions" ("user_id");
CREATE INDEX "auth_user_user_permissions_permission_id_1fbb5f2c" ON "auth_user_user_permissions" ("permission_id");
CREATE INDEX "django_admin_log_content_type_id_c4bce8eb" ON "django_admin_log" ("content_type_id");
CREATE INDEX "django_admin_log_user_id_c564eba6" ON "django_admin_log" ("user_id");
CREATE UNIQUE INDEX "django_content_type_app_label_model_76bd3d3b_uniq" ON "django_content_type" ("app_label", "model");
CREATE UNIQUE INDEX "auth_permission_content_type_id_codename_01ab375a_uniq" ON "auth_permission" ("content_type_id", "codename");
CREATE INDEX "auth_permission_content_type_id_2f476e4b" ON "auth_permission" ("content_type_id");
CREATE INDEX "django_session_expire_date_a5c62663" ON "django_session" ("expire_date");
CREATE INDEX "home_profile_user_id_5bf46ea0" ON "home_profile" ("user_id");
CREATE INDEX "home_problem_author_id_5979c068" ON "home_problem" ("author_id");
COMMIT;
